,id,release_date
0,315eI7UDIy73D3bpdhiVii,2020-10-20
1,1CYmT4NcMunPefrjHwCad8,2014-08-01
2,6pL3w33i7qd4a0boLxPXWV,2016-10-11
3,5nNRWKhF7fcWaU2Et8jExF,2018-08-16
4,0CI1hWyyQJZLuvOugqWKnG,2019-10-18
5,1l2yJdqFdKsv7S1nHsRphB,2020-08-14
6,1YqUy3LSO8ztVf0bjL9dge,2021-01-15
7,6XYN1ifsJc0aB7F5eTs2uf,2020-03-09
8,5HjlqviFr31WEvXV1ZkwPf,2020-08-15
9,7ncdurjkN9Rhc5KQR26ev5,2015-04-16
10,5LIo6KtvYbg47blBMfH4EE,2010-03-30
11,7qmUyAJj5ENEz41kozDdHw,2012-06-15
12,1gcsQw6LIT6qQI5cAB7rub,2016-11-24
13,7bHcrlmjx6ZVSmXT6JhxTt,2015-04-20
14,3C5XTK19EcqR8aIka2dt0Y,2009
15,4n1s629TIg5OarpOlpipAW,2014-03-08
16,60eGMnuC5xE1sH1K9rNzgD,2013-08-02
17,5YiXEOXCJXnX7HaqBgepRQ,2008-01-01
18,5nppXdijpcKFKrKkpWgnKB,2015-03-01
19,5R1cHabaCTU0atNY249IxR,2020-06-05
20,7eiVN6d1zJeTVm4QMK8VWj,2013-08-08
21,5TjZjF1HVJaMXxUJOo4pUy,2017-05-18
22,18M90ylKZ2XfRlaJx7p7Qb,2011
23,2l4w5ctthghnZXpekYyBn4,1983-05-06
24,7sslzyPel4RGSF9ijKgn7k,2015-10-10
25,4YG3BQrlAd4a95NN5qGIqV,2015-10-30
26,0LRnzRWoVLYdIcaT0u62gV,2011-04-05
27,6AEmKrAzWol14hrgbSjgq2,2016-02-20
28,7dLd126uKiCaKJEZ1Yoxm7,2020-11-12
29,4IJNar7OBAkOVK5y8ZXwr4,2020-06-05
30,075kBSggZeBM0hWVpjL9XP,2015-09-13
31,7ml1ziktGMfRt4506v39hJ,2016-11-30
32,31PrNdNF7syFb3QbE1f20K,2016-12-04
33,20XkU4CylYcAfudJuf3nRE,2011-03-20
34,73cwIVxnEnULqgLEPFsL0z,2013-06-07
35,1uuwYZAPz5grjtUEP2PAec,2020-02-21
36,6AEpVnQ3GoDR9puuWUEHro,2014-08-22
37,4IJ0HqH6A4LpY5WRsijCHe,2013-08-17
38,5XjU0KDacxXsKLYGTL88u6,2021-03-05
39,7xyX8iuETDhbaKRWXRjUcB,2020-02-28
40,69XQIpWzjaHLaTeQtiRUEe,2019-03-27
41,57TrQP3nPUoc92VsooFB7p,2020-09-18
42,23TNKfriFe0q8NOnmzqJbd,2017-01-24
43,6cmPjiylmkjv2wiBCx2AHz,2020-01-28
44,77O65l5ZlOZRpW8TK08wGy,2019-09-27
45,4GdSydpo68O9XnTnnmSntO,2009-03-06
46,0wNf3Yk11625KJ6mDkEjzu,2019-04-25
47,2vAhq1zwhOBcNvYchGXvjc,2015-03-14
48,3eNVm12Ns8BOk4NqgWcGI4,2019-01-01
49,1UGLbMo9KnjW4CZJn9vHTB,2019-06-03
50,60PC0NpT4rHGfublwDvpd5,2012-05-11
51,35592qATAP1u72mO9oelLc,2019-06-07
52,0NhdBru3y4R1hKr4Y52mib,2015-09-28
53,4LtSTc3xANVhYeeN69nscM,2018-01-29
54,6jxUsMTsbwxOm7Bkivq00l,2018-02-02
55,3Ft8Xq9fTUMsqBqludWKjH,2015-08-21
56,1zDAkehGGqrvTqwJBzTzEi,2021-03-04
57,6WYgyoRKLFY6cBIoRlhA1b,2013-06-28
58,1KB8wMHYjFxRdTu6XNHU4W,2018-06-01
59,6512hyAQxOng8v4R71IV47,2010-08-19
60,1iMeMx9wWD0YHvi0NKVegj,2018-04-12
61,56mIEZWceibgtd2cThO7SI,2021-06-01
62,5jkfpIn8f3ahUb82Ng6oF7,2016-05-11
63,15pxQnkZexot4I5jXuczvT,2021-03-12
64,7FbhapJ51FHahDqcAmjiFl,2020-12-23
65,5nLlwrElZuyqp7A4fb1o87,2020-07-26
66,3FTRSa9mWB3kKx2jkhUAN3,2017-04-24
67,2fCZmeT0fawVr8H6NymPkk,2019-10-08
68,7wlnqNQK9sisZFjNJWMLxg,2018-03-23
69,62bHWlIlUW6fbwBO29h64H,2019-04-11
70,4nsRgaokSDrUpCWlPv4Igj,2020-02-17
71,1D8fEWDTSlfdmRCy3T5ags,2018-08-17
72,2kFe0BdY2gLDS76sMmMUpE,2016-09-28
73,7M8icKMYmTv2UHu1rxq3Mz,2020-03-20
74,1CMiSJKIt6kgOtqxYnIphc,2018-08-04
75,43mHckutQvJr49nT0UvRxy,2019-07-01
76,5hL9yKGJAMUxfwsjFnJ0aR,2020-02-29
77,7CC7vZQXdFL7ATzOyuvfFK,2021-06-03
78,6qGIp3SdhIzW8A0MWeJEcW,2018-04-13
79,6goI3Inn1Uc62PZfWBQ3ok,2019-01-30
80,2TNd3JXmvnnn4ueq8v90mG,2019-08-05
81,3n6u5rttQHaYw49OdwmYEy,2013-02-05
82,1y30e6iFISuGTbpO68H1Ob,2019-02-01
83,7oGm6EQ3ANlVnBflblGUEB,2020-10-23
84,6Ln89sczgIcAJXGAIdS94R,2019-07-28
85,6nyE4DzwpMNfeZXY1kJGbD,2016-09-23
86,2WJhp0rzP6YXjrf8rD3Cl9,2007-04-27
87,14qPNe9WNrBJFeweWlkUgU,2018-12-25
88,45V8MMmD4q6geaMx4q8pAU,2021-05-14
89,2FBsVowygJJv4lg32ZHk5l,2019-10-18
90,2uobaWL3E6Wstps8nwhpSr,2014-04-04
91,3nX9vs2V0CqAsqEkp5Vhb2,2020-06-22
92,4J5rMcan7CzUlUqVrZbwZa,2014-08-25
93,1CXQwbx4hA6UCd8ja5moz4,2017-11-07
94,7qMwiFUhjCvxwGsyHp3W74,2019-01-07
95,0B7FbDb0GQxMX5KSXGv3sg,2019-06-12
96,6w4JPY1b9cob2HWR8a3DcP,2014-01-01
97,3CHe25YNFuNN6D7syxg7lZ,2018-12-21
98,6H0qU6AeRXpa7S140W9Xuk,2019-05-12
99,2HUHQ737slrMKzauDRBEXA,2018-10-20
100,1Ud6dfU6rD5dkl5gB7r4bg,2017-05-29
101,2Bu8OV53cpcpVRgx1JRYte,2013-08-17
102,3SU6gcyEZ5PTI9FUQHgXjZ,2021-03-05
103,33HXbggKvIitg7y3UBhNfn,2019-01-24
104,4QK1qv4mgsfdWmMzp1Z3fx,2018-09-07
105,3GvMQFRJzlVCB7n6ACvSCv,2014-11-22
106,7nIyZpAsOH3U0dYBiozXea,2018-11-16
107,4RU7CtakVjy4uBgHNJ1Bhn,2017-04-28
108,3UwvtlbJbexgUmBtxVLJCp,2012-10-08
109,5qlsGohL4JSjYFYnCsljHM,2020-01-30
110,6ymoA9aCgqTyoQLIeR7vCX,2019-04-25
111,7jnatMEfZynp33EuVH915M,2019-09-12
112,5tc5uPw6UqvC0N2fF5jzXI,2019-01-01
113,3kgEXsE9kei6lgpPl1187o,2009-01-01
114,4U5TPHqsmvVzc8CCZPLfzg,2019-06-07
115,6ZmtxXUXRVjxOhugKkmerC,2015-09-25
116,5d1IthC1D1CaajaQ0Vh8s3,2015-09-28
117,1Hk0LY5jLAcriVV1nRYOlg,2016-10-28
118,28jA90gvi92CwybOTVAmgX,2014-02-27
119,4kfXsvlUfQgZqQouUTi5CW,2020-10-02
120,7GlCU1ImbOyED4BW6H1TSH,2020-06-12
121,3pNxVP6r45iUho1uxEYdj9,2010-08-19
122,1s0zVIG0xnf7ANQAXTur4s,2013-03-15
123,09ImKoCeK6cYsEJ8zMwGn7,2020-06-18
124,7uhINGViZPygI2AljxO8KN,2020-10-07
125,4LhwCjtntflNklQPJsOL9G,2019-05-31
126,4mja7O4mV2TDi9udX67ZTu,2021-05-07
127,4YWeZa7AfJArkijVVq8ayc,2021-01-10
128,1ocrhGpnpeGHY9De9H9Me9,2020-06-05
129,5ZsAhuQ24mWHiduaxJqnhW,2019-07-01
130,5kCfav69SHAhwBMXcysl9b,2014-10-10
131,1C9DajYq19423BwN85bNf0,2018-12-25
132,7HwfCx882Hl0aBslxcTguy,2015-10-24
133,7eadaD2SBArRbebB9CP70X,2020-11-04
134,2NhLlsWf2Yy8LnEvGPxClJ,2021-03-08
135,57VPW07ksriiQIFUzLDvBJ,2019-06-21
136,6q023Qd7l69MSdZRG7Gy2W,2021-04-01
137,4Pl3i1DNMseg1nKBlJ2F9T,2013-02-05
138,3E5KaA7lN73n0ByZGAeve5,2019-10-12
139,0cUdmruT6kjxa5KpteSdwc,2019-02-01
140,7zep4BfQRkfASc8qhX0cct,2018-12-25
141,6z78Tk9c2a4Kw3XtlI8XT6,2019-05-17
142,0wA7aUIOOynbdIyF6AIejn,2021-04-10
143,54jXWKDWh2IAFnuYcYEwb3,2021-04-07
144,20mLcWdIpEZWVpzboSZJil,2019-05-13
145,7JNoLEk7FGmsNVWFiov3fS,2014-08-25
146,3cQ2yNwfhMoOXN0XL9MXlE,2020-05-11
147,7eOSYOWu845cgCYoOUBnVE,2014-04-04
148,5ucLyBlhHzKn2ZiAQwLOl7,2002-09-17
149,2FSVKGUjxl1b805NESHmOq,2007-04-27
150,4xI3mkKU854Q5CObTR3QOI,2013-08-07
151,74kCarkFBzXYXNkkYJIsG0,2020-07-31
152,08ncR7BLl9Idn872e2Mv7y,2013-01-15
153,4zE4j0DXMStkt5hzdk1AyK,2020-10-23
154,4y2QEmnp3DRgXjdbZfUs3X,2019-12-12
155,2LnrTRRql6rE33WLGcMxsW,2021-04-15
156,6MB1AzWyL7v1EQ3yIs2MjI,2019-08-03
157,3NyVaRd7ei6erCESpTQzDL,2021-05-21
158,0NsYZt7iTFoLMw3pZTQEDQ,2020-04-25
159,7jtKU9mbFgdlsIoYIWjhkO,2019-12-18
160,6Ni5Bvv11v0KvqFddmUJC9,2020-11-06
161,6T6a7qnZ3hOFgP7kuqO8Cm,2021-01-30
162,6w458kA8WOAIZr1ublxnK9,2015-10-16
163,0MOX1BjJ0TkEOuz4pQB0o9,2019-11-18
164,0vjpPvCtO9aUjLGSQAfyiR,2019-10-11
165,3fOtcxpPWT9XBp7n4KY7of,2021-03-03
166,0G92Ujfek51peF1xsYAXx7,2019-06-03
167,6zjFDWbTd9W8BAYUfDOc4B,2019-05-24
168,0a9HfmGmBi2Ximhc1w4kD5,2019-09-22
169,53pFqmBPXEUmNaqNGVkXAi,2018-06-11
170,0DanEzIERtRw1Toae6IFXM,2018-05-03
171,3mDv3HRVNlPyJGLJvg8y8T,2020-02-18
172,7yFJV0UzZoR3pS6fpJwbIW,2016-02-29
173,2o5vNTPn0P4QPcieUir1PI,2020-05-06
174,1W71EPtsIzJCkRMmuis7ZJ,1995-01-01
175,6E4uiAGJEjIIuvqlks6QjC,2019-03-22
176,5PFO5wajg9qK427Bb1aLF1,2015-07-25
177,1lVmD7iKYqYs45n2MmXAf8,2014-09-20
178,3Eg1wcZ2VxbrMZU6rzRoeP,2014-05-09
179,6eYgpG91R8A2sW7KlSexoY,2009-03-13
180,7fdnoHiRH6zh9x3xx9G6Yi,2018-06-06
181,6v7z0R1tHhQP8LSmuWlunb,2015-09-25
182,0Dynr2pQ9wrBD05IWGnxBv,2000
183,2CMmiPSMeII2NNd3okozQE,2020-11-11
184,0F2JKW9PYQgqSmyNM3IV2W,2014-10-22
185,3q5Ur1rIlB8NuOY6FbzxJs,2020-02-07
186,06mqNHh9BwLxZHOEniT8N6,2013-07-10
187,0dgQKfZCcqmjo8w27cmSu5,2019-09-15
188,2ZNYeQ0yS3zjTOlvUrhdaW,2020-10-10
189,5WBFNdReENj5nwR1NBEP6d,2013-09-14
190,2uy15favOgEOtS8wjAD9B1,2010-02-16
191,3htxc5MyrDNnSezQrjqavj,2015-11-27
192,6amE4gTVDL22hcmavxVI4L,2012-01-01
193,6ExwEqiFa2C9AzqQv9BVXM,2021-01-20
194,3kZ7b6e6d1bz4N4VUJ5fPW,2015-09-13
195,6JavLlYKVI8val8aWF4Li5,2020-11-14
196,78bJtdSTpHYS8u9axaismu,2020-05-14
197,2ixrCwnrSfmUruH61rFVPC,2012-04-05
198,4vwPirpSJCOiIsgxMV4Xcv,2019-12-23
199,4EARhoKrvwopHfqiEd4xSo,2020-11-12
200,13bxvI8AveCg4FOJTCULnb,2018-12-25
201,2jfLNlyUpxhFkoo1lJjiL3,2020-04-07
202,6RtnuC14DOUrvpRgS6WMQX,2021-04-02
203,7LBTZ8opHlw8IVOrgqT04o,2014-10-10
204,4kXkT9HF9ZfDjuv3LIKcwJ,2016-11-17
205,7fxA3Mm41dxH2ZsJklfIGq,2015-10-20
206,1EVzOyXQFJ5Ft708ysGskm,2019-06-09
207,3O6TI5miPHvKkyaBvod2xK,2019-08-09
208,7e3ZkEKjMbzWnEi4hb3TcU,2021-05-12
209,4gsBFsj2qcT6kMEMhTbndt,2020-01-12
210,514yEEVqyRwV90BSezTLtU,2019-04-05
211,3Q4arvJHKco7FdQTsdpC6e,2019-08-09
212,1XtTD8YsSTdP5lF2tDmRIj,2021-05-06
213,1IzIIIUBxQc5QuHxvqHHTm,2017-11-23
214,09JozJFR9rHMYtLrBEEW3D,2019-12-05
215,6wiL5u0xPseE7V8TouvQF1,2017-11-10
216,7glsslbcKEq9wri4nq5J8Z,2017-06-16
217,0aqenbYN5WrBHoUlSCE0rq,2018-11-09
218,4BmxSroAi2inTe0kmMOtin,2019-11-29
219,6Qg7dDHVr6jir9LfnMdnBR,2014-02-14
220,6Fvdk2eTzxEa9JsUUa1kP2,2020-02-01
221,0HWFNVsjudDgrQS2RhlmTd,2021-01-28
222,6TFuhdfOgoD9YqTIYQRI3U,2018-03-30
223,45hfMaXmzdvEt92BeCdu8f,2015-10-30
224,5nlzF0hhm9Z4VMzoQY4CPb,2018-10-21
225,1RXRWQZ2NMmgdffM7CFSVx,2019-03-14
226,2DVXmHwvGDXFASwSiKFuhG,2012-11-10
227,4kAamTtx8BXXcBTiaXtQ9j,2018-05-25
228,2I253mDC8R0gqYJrv7fMhS,2018-03-18
229,2pud8BG8Dpg5vNBkfe2TiR,2019-05-25
230,61IEe4ujPKOU7OIyubydfz,1983-05-06
231,3fhkSzPyfWqa3xEJYFAWzT,2017-05-18
232,1sxh0eqIb8ulYypPuq6ZRu,2011
233,58qbPsk2BR7bCyb6dmcdFo,2013-08-08
234,0AFauuw4BMnqScJljkqWzd,2003-06-03
235,1L4TjBfWyQavnJzp6CbXdY,2015-03-01
236,6EG6vxLqbNCMi0zfSRlcD3,2008-01-01
237,0EhWnIuGCg35YkUKqlfQZx,2015-12-15
238,3KxPFCZUmNMPCUthIEtwze,2018-03-08
239,6wTdZLCivLn4WPbsPaKATT,2009
240,4NHAKHHalRNJQ9Rx0o2rBC,2016-01-04
241,6TJBmNKXBx2KTvRTVYnPiR,2016-11-24
242,5zGtNY5a8eI6ghoqX3GKby,2010-09-10
243,06w2i2EglZP02uqMYa7wJf,2010-03-30
244,3Cgca6Jfafgo7wBMSvpKNs,2021-02-19
245,7K9dS79ZkXYBJ3c4ijDWOn,2015-04-16
246,2lHL3bLWugPAXbLsP8yqsB,2019-12-20
247,6rUM7TkYkibwUazVUhkJJJ,2019-03-25
248,2gVuB5FLzYU46N3CPmBRyN,2020-03-09
249,14Jl60NhRri4diT5nC3P5f,2021-01-15
250,3wfrzxr2n7RmtPakWCULys,2020-08-14
251,70Nmu5wC9z9eNaeyvF8qBU,2018-03-08
252,40XtgytDO36csnAg6rar4f,2016-10-11
253,6YA0aT2cyJYDcKRlOHMLhm,2014-08-01
254,6AZFB9yD5kyahBrPhv9i4E,2020-12-10
255,4k72PGEiAZwRVKAlHs6m0j,2020-05-15
256,3UoOeKOKwLzXetZm0EXen8,2019-08-16
257,54hQCf6iROCTji00sOprng,2017-09-05
258,4qBoJAVBL9qDEfUOlYeCyY,2011-03-20
259,7wnGVlAOMKsvFKYxnyy65a,2020-02-14
260,1qtTDqhx9HvKB7LN7PaL7W,2020-04-10
261,3FZmQ6JS2MMziFRmKKF7hU,2019-06-10
262,6J4oLY2GEwOsUgEd50IpKy,2020-12-09
263,18dts4OqWOQTGFlMTGodkk,2016-08-20
264,6J2pC3j9WF4tVJo4mEHZdn,2021-03-26
265,67jd5vfbHZBmQFU9XD8jEz,2006-02-15
266,7k1QbUdmLRWiZ7NEyAGZYz,2017-03-31
267,2pWLZPs7fj9zHKgccr6J88,2019-04-20
268,4BV7aMOMZYc9PfV5jW3R7j,2021-04-30
269,5xXH9muwYwlZsdOWddFUsB,2020-03-13
270,1Oja6IgXsVwjQbkU0DKsGK,2018-02-20
271,5GuEpdmTIVdP3zRvRdw9zp,2020-07-10
272,10nEq1x2RDBWA3xAmP90CS,2018-05-18
273,5YvNiBRjaSr6uC7U2TsOgd,2018-08-24
274,2VMOoFwSgDRJoNq4n3s93u,2017-11-13
275,77jK2QjSXOGX3eFxT9Opuk,2019-06-10
276,27N6lqXxjDiylUqHa84fA6,2021-05-27
277,3mMhYAjqW7fvduasIMS5VU,2014-01-21
278,3GSeuF5UboLvBTEAgHlcAJ,2018-09-23
279,61DAXhppnX8F0jgERm5Q4g,2020-10-08
280,2XvUS2q0wunLXW9E0AVM99,2019-04-01
281,5Mx3iBTphi0gdJwh6oYGrD,2018-05-18
282,4QSF0d4ENvMXA03ARpMfaP,2012-07-23
283,4lhWIsKyduPcocDcphM05j,2018-06-28
284,0qh7FqAlRms2kShY23AnNB,2019-02-22
285,6eE2PEidmUmTsdq00BDf1A,2019-08-31
286,1wIQyXIK78ouFBP6LRxd6E,2020-01-03
287,2XEM7QALqgg3VdXE8CzU1Q,2018-10-23
288,7AN6UTH9i26U9YpRALwTZG,2013-03-01
289,3f9k5ITQ03UnmSAYshBmTB,2019-05-24
290,0EOFVpGFIeuydjuYEhCktx,2019-07-05
291,5hD1IFTGFghyp502slNEht,2019-10-18
292,7n6t89yx1U566KfgFbZNBD,2013-08-17
293,3Cd0nA9A8LVfaXfxJqLtYv,2015-09-19
294,5GJPqaqlCSN19ReZ3Hmue4,2020-08-02
295,3loLNJnzlEW47eQdaAANfs,2017-01-24
296,5gImXOx1pMapDLi5bXy4QA,2020-04-17
297,5gBW4PhXqiUVL8FJ5K9opo,2019-04-25
298,56iw7QosAXwrOfu5WLQNSe,2009-03-06
299,3HdZsBbSejCw7VQMdT0D5f,2017-08-15
300,0yrCxEoGU4cV3CGr0sc65J,2019-01-01
301,2qgXrzJsry4KgYoJCpuaul,2015-09-25
302,024nqC9O76nvAuIWtQGdQy,2019-06-07
303,3ApLFFuaXsKBnDhspuQrWj,2020-06-12
304,2UCzreQd71zDUtqGaJT5KI,2018-02-28
305,1uC8CoidgacQzx9f01n73h,2016-10-28
306,6SFCwD9bEY9WxyeUEbiXfn,2016-01-05
307,1cl1Wckhfp6MtydmHjVOyd,2020-02-28
308,5SpGYwR8nzi9eMaHL5Ucyq,2019-05-13
309,0hWGN19owiVVfI2f3ePxij,2020-05-08
310,2MDBpZvTIWSinNcLHWq7df,2016-09-12
311,5Y4vRBs4QCUloQ5W9Wb58j,2016-08-08
312,08kTa3SL9sV6Iy8KLKtGql,2020-06-30
313,46aRt9ol4YgFYVpMzj6M9c,2017-08-06
314,2L7eiwosmluifpAVmrvVtm,2019-09-06
315,2bGCXKKxk0FyTwYeJooaJH,2019-07-10
316,3WBsWNtL054HCFz7UUGK9e,2018-04-13
317,4sHxclJmWy9lEdbZZ3WAfW,2018-03-21
318,0AbsB8fXdwC93PK9Pk4M5v,2021-04-01
319,1lIYP8fDGGnp91OMTUnwjV,2018-03-15
320,667eLRflFq2ZwMdKJJCwu6,2014-10-24
321,4WqtoEP81ddAB8X2pScEvN,2020-07-30
322,4iBIFGEGJ0I5ezZZ6VXYp7,2020-02-07
323,0QOJABRwcIx5WfzILs47eJ,2018-12-24
324,4t2sMBajRuSKudtieXPgPp,2017-08-14
325,1qJEPAY2PNphzM8o1VFEtt,2020-11-20
326,0Z2Cwcf8Yc2RgIAkPb5kZO,2020-09-25
327,1b5oE4DkU1v5JlZoEYksdi,2020-05-01
328,6SQDhaDMwLeRGHfyLb00d4,2019-01-24
329,5TaJi3TXnvpW1sCIXalA0q,2015-07-14
330,5iCY0TXNImK4hyKfcplQsg,2018-01-12
331,5V6XcXBrCGI6JOeYr4Uyo3,2007-04-27
332,7kl1KAzW5O4gOAesaHxiq0,2016-02-08
333,0OUT82H5tVxfSnFe2Cqse3,2013-01-15
334,6SWsSQnuTOyE6DOJG7Zdi4,2020-06-15
335,0a2hoYtJTGVsOQ61VO2kzz,2017-09-22
336,0fxrvyjyQ8Eht15dSh6wa5,2019-08-03
337,4Y7aMOGb4NuLV6AmdOAajx,2013-01-01
338,3DwDpL9QpO5gqPFuHZXUx9,2020-11-18
339,6YNl1rXbhKvmbMrw9cp3RQ,2017-08-21
340,4137w3YEeQSgz52qxyjxHR,2013-01-10
341,2rjCLFdX8n9xLoMZgdMMxt,2020-04-10
342,2B6uLeBwpBVBLu1xaXyoG5,2020-08-19
343,5oYRr51VatOtkFeEOursuZ,1996-05-06
344,5xuyR6Y9Q8ymeVDYG86OgR,2021-02-26
345,32zva6S7L9Po7Mv15xBUSr,2019-06-20
346,731U0IOIp83sTQWbQeA67N,2020-09-23
347,54aFTarzdcaahrzXVTQ7Tr,2019-06-03
348,1sLLrdkRc0ysbnzLgnQccN,2013-11-24
349,033GYoHqCnmfr1LTqyViIl,2020-10-20
350,3PbTavZmyYwMWqYsAC44id,2020-05-14
351,7AT9jIs9H7tFjxEXmilL94,2018-01-08
352,3snujKMl0rkHSdwOLxWrFv,2017-05-12
353,5lmCkYVA7AFTHexCHJp2VK,2016-02-29
354,3H132l9fIx7d3AyYbyfgeB,2019-08-21
355,0nohwWtEPvPImpfskQs0TF,2016-09-16
356,7exOPMHnt1Sd9CjHj72Dq1,2019-11-30
357,50lntI027HNwqOoBsWzU6s,2014-09-20
358,1rDjwexewf4hrdZT7SRNsH,2019-10-25
359,4zlm9xMWu5EvnjAUYQp6Vc,2009-03-13
360,6nZiYSBwPQ7fYnVWkkkj4g,2016-08-04
361,3Z8pWRIiO5p7za77ZdCZnG,2021-05-30
362,5qNK0PQS50gbJNQILZGV7t,2021-04-16
363,1i8pdZ3FmoL70ghtsmmoIj,2004
364,7vvmU5ayTrVWiNVxiwHLQI,2020-07-15
365,3nXFwATLXO2rzA8cdGxnG1,2011-01-01
366,3MVSI8G7X9Murb33btnPqj,2020-11-27
367,7c3bhjhyTEySkPUQ7a2jtX,2015-11-27
368,3TAhWtQnpoL5Vl9VQPl9fU,2011-06-06
369,0KDemhQC297gYmL8NkubLf,2011-07-01
370,1zSjGaR4EaP9u8CzaCbjpW,2017-02-17
371,55WA0c3MUvK7rxKUdsa3MI,2020-10-10
372,50Emj7dvfU5NTCQsS7ECJ7,2020-02-05
373,5K5kYg6D3rOks7NyLpziTU,2015-01-23
374,0h0gWburhWxIhV9h7kyX3l,2018-08-05
375,411EAWL97zHyBeOrxAZbxv,2013-08-07
376,1JelKGBph8gon106Wqjwu2,2021-03-10
377,29oDEupGopJp1BVQb1Pk2L,2019-10-18
378,6E6BCsQHXDAdXsrL7zV71N,2021-02-04
379,7xxk2elVJN3IjhbV3T8Shz,2021-04-23
380,47a8ZHfi1MYmiSVVdS7gId,2021-01-15
381,1xtkLqZcGPQZP9549WlmfH,2020-11-27
382,3sParln0vfms1LioRmnid9,2020-11-06
383,5h1L6nOR9QYXeeNW14aeus,2020-05-28
384,1XmoGNf6OVs6N251UejkbN,2021-03-12
385,6IjeHG6oLIkZeSq2SMEAtd,2020-11-10
386,4zTg4g1gKpxWTShLFDEill,2021-02-10
387,0yQIhApPPxaPzsgy7FIGnA,2021-03-14
388,64RkEV5b7bG697vhIPMlrl,2019-06-30
389,0fzVqKKvn5P6MU3kNYsqgM,2021-02-01
390,4LX8OArGCZ3hS0imHepe83,2019-04-25
391,5fv2dx3jfxxX8Gqvzl6TjI,2021-05-10
392,26buvjxi64EHjKs2vfdZkf,2020-11-27
393,4EGH49lAmxVJngMipL2kX8,2020-08-07
394,362kqwSxB52iW2t6LcPveG,2020-08-14
395,4BIpS30RZ67KqL8t9mcsJI,2020-07-10
396,24eAf2cgB8ZQbaxE1HaygY,2018-09-21
397,34OnHRNEwBUIzICP1FulTO,2020-11-25
398,2dlSvaT6bhQ1bberpsTwIk,2020-04-17
399,6IckM5kCoeGZp4sPihBX97,2020-05-01
400,4ClHOBQG9QNcqzfzFmXj39,2020-02-28
401,6wZJsut8fjiWiMPaccRAOX,2017-11-27
402,6J5ymVSQlrmZ2Y48GYLaoK,2021-01-20
403,2AoWWiMelowkStJoqPMDed,2018-07-13
404,40rO5T5aZa0MlgzCetTRTn,2018-01-21
405,5GcjIiSS47T64N1DFxn1UK,2016-10-10
406,09YtF2lAlYgTN5yA39iYYa,2020-12-25
407,2Pas1bpuA8riVr0BOTCpJx,2020-12-10
408,4f1spv2bssB5VP9VGgzH1i,2020-09-12
409,6bzSij587sWRb0KtBrtgId,2020-07-15
410,1zINTeMqxjb9UtMhOsIQPJ,2020-12-09
411,4vOElXsN9pB63rxcRV55tW,2020-09-10
412,4OlSezyWFgQxGwP0apdHK6,2020-07-24
413,1QUZRkSFhpdYDWiD5cyu20,2020-09-05
414,3EZRMX38CXvegTt5cMbRNR,2020-12-27
415,7kr1ixLomPOwbQAAHaetXw,2019-01-25
416,2KDR0VRWbQ88LQ1cdi8T3z,2018-01-29
417,4TcrTb8W4lKkoi62nwU5GO,2016-08-08
418,1RRvJxYhx65qZJoJ4hKrIG,2021-06-02
419,392cXa8zAoEa0KjUid1FQZ,2021-03-26
420,41tWC8GEqKleV4m6VK5YSX,2021-06-03
421,0VsdGpccIWa7h8sYZmaO0G,2021-03-12
422,1qPEaFTUb64NGcxM9QEK00,2021-01-06
423,6MZyrnqwsLnrWY5Gk0AyXg,2020-11-26
424,7kjxJeYKpqNGmJDSEqJkX6,2021-05-29
425,3XkrGMJT13pd4Jbp7gWcyE,2021-04-15
426,44e6LWMz011gq6QU45nw2P,2021-03-25
427,0I93L5Bf6uRLGlntVZ4JCW,2021-02-15
428,4DfmnGTcqwD5C7VtNY9AtX,2021-01-22
429,3CWra93RrBwL4NIesLZ2yC,2021-03-05
430,2MlvqNB3Fu6zLDr6QyYKcr,2021-02-23
431,0CbH9bhJrTO6VyjJ8h3rgd,2021-02-05
432,10E9sCEMFGlAQwVCBUGIIh,2021-02-22
433,6aHl7WFS38wYezyWHTdghb,2020-12-23
434,50UEBQ956XJj1tEYU11Q29,2020-11-27
435,6JclMezRpieefEcYchmSe5,2021-01-11
436,2HguBk9eKHGpEmRuo17Oz4,2021-02-14
437,2lY8B9x9JyQI6SVyp9OdtL,2021-02-19
438,385HQiCjv8SupdPX2XAX8e,2020-12-10
439,4yKvxbvgCIdgMHjAlof76j,2020-11-14
440,5VFsY60sYjnJfFZgDvV1xX,2020-12-04
441,6ubkgw3hLgkSV5WBBmTgWV,2020-12-04
442,63Vx8wbVFhSIuvRdNQzMo2,2020-10-30
443,2VkZkbHU4eyt7iEHLZcgs4,2021-01-22
444,7babGnGqzxPLHKplZC7VEB,2020-12-24
445,5cFZPjthvr0T4bgGX1BVsF,2020-12-10
446,1oCkc96iBiOiyydlbiHRGE,2021-02-18
447,5LNCjqlDfOb8Pki1j1UWx5,2020-11-28
448,3lXea9MMFhbGSHyJW9WUIk,2021-03-01
449,1GBzKGW8kLGhL6eMPZRly8,2021-01-22
450,1p4rDPlfcEgNu7FDyxCnRN,2020-11-13
451,1XL42A75jGVggUUBANTxuh,2020-11-27
452,6MndcLkwkOb62HUJTqwJWj,2020-10-15
453,1nQDn8uH4cC8Oiyu7DQd0W,2021-01-30
454,14tpQ2ToEOMT3doUxpCPca,2020-11-02
455,0GoW2TtjrwbnhG6ThCXQio,2020-11-13
456,4GiHy6pLOFdrlXrpLn7Ykf,2020-10-10
457,2CCuffsRMlzIQjG5UoXzcS,2020-11-06
458,6zdGbm8GmGcr5ii8FCmCSo,2020-10-30
459,5P05a06TapNLI1zD3crBbM,2020-10-23
460,7xdVnq6UpnMEGgmFf6H8l3,2020-10-15
461,49b0lWRHXFe8FKwX3mUQSX,2020-09-22
1,6rfahvufEQDIVTHJIU2QQB,2019-10-11
2,2hFD70XI1S5HeGxasMvgbY,2017-11-17
3,7xQRYmgjuC8rAJ8nf8IZV8,2019-08-23
4,0063FgjiQz214VT0MWB3AQ,2021-04-03
5,4SlCYFaUQ8GRuwdpgniaGF,2019-09-13
6,3YKEmGS5CbVoWC2FNMUJCC,2019-10-29
7,3RvnIwzLJXPUub7Lb6sX11,2016-12-16
8,5R6SwiLR2VWDD2vtAORuoQ,2021-03-19
9,1mCBCXEbacGQMPyTv3HTr9,2020-07-31
10,21h3nxPbFELVigOL0ihQId,2021-03-18
11,19ZIdt7JQNxdESUWZoP2yp,2020-12-25
12,76ztWJ0t6i1BfkQWXzUq2D,2021-05-11
13,2QgJKm2FGRXN27NLM3Vl7i,2020-06-05
14,6HQxcQYP9x0HMO7Qi9An2e,2013-10-14
15,2pqPH34BNK9eTi2TBVSExL,2017-08-18
16,3Sqk8YYMHkLdBiihWCQFYZ,2016-12-26
17,6wiQ1tAGxUsnbJXyjgXLel,2016-06-27
18,0TzBUV8l1W7H8hQc4cJa3H,2021-05-21
19,6Nvjh5yACeebBbBvdbvxsL,2020-11-20
20,0Yu3YJCrxA8htVYv4r9e19,2021-01-22
21,6brk8R10pA5k6Jesv13uvV,2018-05-08
22,5vYG4v5YnuqFZJaP1x8RLU,2018-07-04
23,79JMjG6tj2zvCDEukCSgcx,2015-09-28
24,1lPeLiGQ4Du2nFO30cLPsu,2020-12-30
25,7lWd9Sph8vMrqVdkvVC5xc,2020-05-29
26,66INq9JZJp9MsX05WXGqIN,2020-11-30
27,2uQYUfVY3rfrNQU83LnJgZ,2021-04-22
28,030HJ4rvKaGh4P0XQCBbZb,2018-04-23
31,3ar8DeY64zviY0hmyH2bFM,2019-04-12
32,5LVS5Be8Gs0VvYrVSDwRt6,2020-04-15
33,6LNYsVrVWSqUiXAxqCzOZw,2020-05-29
34,5W8bEk1k3Cqp1gAKxvqXKx,2021-06-04
35,6BgHJll6fCYkbBaW52FACV,2020-10-30
36,1s4Lxk9hQ53zCmkm4FygyC,2021-03-17
37,7ficrZ0Uq8pnZVIne08bCa,2021-05-19
38,1XK6kCmw1sbpG0ZFHMx6HM,2020-09-04
39,4N3xT6569LN4prgNXSODM8,2021-02-19
40,744KYxqPfEOJN5wfjglt3j,2018-11-02
41,4Vv7unW9b7Wg62FYzmvBT7,2018-11-02
42,5sTEDd8924YtKzqk50eyOc,2020-10-27
43,2OmTzSUtti3Z1WjiiEnF26,2017-12-29
44,1Ic75bJnvNE3zpE7qZg7aA,2016-02-01
45,2ST9rghUAyWeXEG5Wtl3Q3,2020-11-27
46,3AQWRQhkvOEQOw4DsajYpP,2019-02-18
47,2Byxr0ooaeLayBBaVLup67,2017-09-25
48,5I2fq1MbJv7JSWrD5QXDlw,2020-05-16
49,5OVPAuScr40ZaiwUKFuyW6,2019-06-10
50,5yOy3vK27xjkWaqTS46gHN,2019-03-19
51,1v3vjgu1ZtaH3frh4RchwQ,2020-12-07
52,3dJqC0pCz9tC7UqvRNR8bS,2021-06-11
53,12kyKJkujhNmsDq6VFX1D3,2015
54,3vxovo7APiCPVWKJcBfBpM,2021-05-18
55,5FRIhZzhFBVopCOlJZF4oq,2020-04-17
56,0QHGldqw8w1OXJXK0ZTCIz,2019-12-20
57,76SyrIAyLioYXa9sSRONQo,2015-02-04
58,5Gkhcy034KgNmw2lOCN1Ax,2017-01-20
59,63OghO0JOtJosunMGJ0uzt,2019-03-13
60,4ELTo4wJR313XYFcxEaqx3,2016-10-10
61,7mVFJYJ2PBVNADwHkXdArx,2016-07-21
62,4huiuT0VIhktVGqSfdWTeu,2021-06-11
63,7GT86nEzVdrB23mJACm1hT,2020-04-07
65,73FeRDJnq6eCg0gwPCqFtq,2019-05-27
66,1AZAH9DDFL9JEXBR67S8mn,2020-01-17
67,7xSPt7JiMTqjob728RndS7,2021-03-15
68,6iIkAvN6N4dFVt5Z3PPSjn,2019-09-29
69,18zbemSsSaJYaUH3WFah0h,2017-03-13
70,4C8bNPbEs4tURRSdLKsZId,2017-01-20
71,0GQA4kgS8Qwqn3SzfIdU0X,2018-01-22
72,23vGVLNqxMTAodH0ekGJiJ,2021-06-11
73,3CAfUygjQvBuw0cohZk0pQ,2020-06-20
74,0zP6auA7m9yu5dIcgr0SXE,2019-12-19
75,6eDUgk7QhwFEqamUcYASDp,2018-03-27
76,165Tl9zzenB0fmLdVxPlCW,2014-10-11
77,03m3kX5QmsPQaA1Xl5gfP4,2020-10-01
78,6mregSY2XkzpmCEAZ908Zo,2021-04-21
79,6LkRuRRGpPcWorKUakwM1t,2021-05-23
80,21hHDH6amg7qm9QR9vfqb9,2021-06-11
81,2nyt5aNbbYQ3Ie3hGFjLtq,2020-12-31
82,6qXquKFh2YT14MRD5Z3dAH,2021-04-23
83,0rhAV6mmFmB2CWarQDhwIZ,2021-01-01
84,0ay9ohgUTXcQ6VCKiEiKZk,2021-01-01
85,49V9srxORkuBfT2iwabBdC,2020-12-05
86,5qhWIOZ6HztbHnsWNnkJTf,2020-12-31
87,4B9LVU9KVJ0QZfOrBxGAHU,2021-02-05
88,4itr6sX8sovbUhPlEpKboh,2021-05-18
89,3QGtNcx26J7N0TzeCAidyN,2021-02-19
90,7mIYFNLw860G5C4Uq6yHG8,2020-03-27
91,5Cr5e4NGjmbcem8nugnf4i,2020-09-28
92,64zeTLKn5flc0t74NeApXQ,2020-11-02
93,0Pa0xSCRVO8ZIxs29XgBvv,2020-08-21
94,0DiO4wGHWorHKS30pu11Al,2021-03-05
95,0jW5lCPsY1RcbB5MNehmE7,2020-09-24
96,7cmJeELrvGn0I6LKsxNHgl,2020-08-03
99,5Duitp0txVDtY5Qk0efc1W,2020-04-08
100,35xPs238B7ecIoRWpYZOIz,2020-09-29
101,5qyEyqpT0TBVun8W07MEmR,2020-04-03
102,34dnNAUoIPcwnK0RtVMBWZ,2013-07-19
103,18oO0TSyS9lIW9sioZyCNN,2021-01-14
104,01itgfHaZ5KN2NkGqRikL6,2019-12-25
105,3iAhZXmB5g82A14Xh3AUAL,2020-05-18
106,153r0ig3wR3Y8GFdhiMPsU,2021-02-02
107,6jEAT04CFnt3ayoTczogqq,2020-01-01
108,5oZEaagpljFa4r8c02Mihg,2021-03-28
109,2HUuFBmz9mYhJJZGk90Dec,2019-06-10
110,3HuuKaMwuZR03HpJnWJCcP,2021-02-21
111,5DEp8hauuZ45oG38YOkkQq,2020-02-27
112,4RxyIfOAN8HsjBBoKKt0A4,2019-10-16
113,7aO8vqPUTNbZwCyRS4S3SP,2021-04-22
114,4qtKUKFlXOiHmWGfM4MUyD,2021-04-18
115,4UQPuQP5NKZq4n5Janedgt,2020-08-10
116,1ZQoAkrJLpYNPVb5YCUJEW,2021-01-16
117,2cGRuloXezvHDpoHX2bVyu,2021-03-12
118,1A43TfohQt3H6K5zg28ExD,2018-11-10
119,6mLKHVZplVgepqQh9VlaAQ,2021-02-28
120,0lNHIEj2rFtfXLCDHr4l5C,2021-03-18
121,1WA0qLJVngwY5qPAVgBPIn,2020-01-17
122,6bJlq7y3uZy4KiwL06ofaz,2021-01-01
123,1G2Dv0PDqktH8QvygsEuEP,2021-05-16
124,5jfNucPo7pMJZYF7kdBbne,2017-07-16
125,2mFBbcunZ0A5LdP5sgAi9m,2021-05-23
126,3e25gCeEM4vPK7fvbcwRwl,2021-05-30
127,1JYewIc50Hui7sKcT0CxBc,2018-05-01
128,1hzVe0v3SGcdk3P56Roepm,2021-05-09
129,1Fn30MArceCOv6gBhK5rla,2021-04-08
130,1J7kOupUx2U7HqiNHplLVw,2021-05-22
131,08VaT4YSUtlmsXlRO0NOga,2020-05-18
132,12GcQC9YI2VWwPGxnmrSlJ,2021-06-18
133,1baHxgYktT8eDdmtTozJF9,2021-03-05
134,2vWlz9ckHbZxumrctiD1gz,2021-02-19
135,4q6ht7UMYvwcS1ZXqnkahw,2021-02-12
136,4dXXwHB7WfozMLhkpBvLvw,2021-02-05
137,5RdA6XCTDxeaVjqfLvdGft,2021-05-28
138,4nh0aT30hfj3smH6flWU63,2020-11-18
139,6XAbKiYJLpcY5iRy1jwIXC,2021-06-17
140,3tBVxYHBz9RrHLU86L819g,2021-05-17
141,5mSsaKQio59Fr7jPEwQs6M,2021-06-16
142,7otbvDrtDorjvhQGatjCTq,2021-01-27
143,0E6j1oe4eGdjtb039vhXq8,2021-01-29
144,7fyi10lWy9Czn0QoThKfvy,2021-01-24
145,6I7qz19J2Xl9cDF3MppHC7,2021-01-19
146,46ZvfBefrvA2TChZmOvYD9,2021-01-29
147,7wdtk6to8Q5XWIhXsi5uKg,2021-01-28
148,0AjPIprJ6jYl3P8H97RiIA,2021-01-29
149,6OIYMEb0VIQGTPQ6PJNuiM,2021-01-14
150,3zIhQR5cyxpVn8WpEivBCr,2020-12-03
151,0lC7lebgPRt05YTH6sLhb6,2020-12-18
152,73OkB4VMpFZEbDmIsxPJGk,2020-11-20
153,0IF7ieAfaRmWb1J3qjQj2L,2020-11-24
154,2fDyhCpqJfECadcxiP4uTn,2020-10-30
155,3an5fE6BRnxWNsfdpSSPFz,2020-06-18
156,3l84vjvLnKIfqLLdZXKq2B,2020-12-03
157,0SBw9l6ZmEOznl4zBa4nrO,2020-10-14
158,0I710xjFgBGmxo8MYFHdvM,2020-11-27
159,1q7nzquxYMKzQPWgoYKjJh,2020-11-13
160,2En58mxulBobAx2TOJEjU1,2020-10-09
161,04Vcyk4f096du3nWURpqE3,2020-10-14
162,0HBs3NUUS4qDOX6MAuNuG2,2020-10-14
163,3kXS5rriwfMtnh5SKqs2rq,2020-08-20
164,0FFUokQo8eN0A6H20BGTBS,2020-10-16
165,7aqG67fSmBNbwbUl6pAFkv,2020-09-17
166,62HfylEBapOzJsh4iPMHsj,2020-08-28
167,7zy7KYZ5BsqhHtlml3LI2p,2020-09-11
168,2FSoHVEQFhaTSLjyT8Akpr,2020-09-19
169,7i2a1Mhwym6sCbiSzUrYB9,2020-08-07
170,18qN1yxa4SVwmykQq1Icrl,2020-07-03
171,1XCQhYPVUB51Aiau9EoPo6,2020-06-19
172,0Fx3IXqqCXAkZqxAncY0ci,2020-07-24
173,2StIqS3DYIu0vCYsC8BLqi,2020-07-10
174,0szybpHXbaqLiuE1kTRlqc,2020-07-15
175,3brRp73D8CJ3o9l3KLzLcM,2020-06-19
176,6en1lxaYBcUwDTsekhMflT,2020-05-27
177,3ymULM6auJVgBj4A9TADlv,2020-06-09
178,6BbVRyozYTOgYcgIUASs4x,2020-05-29
179,1XU6kOYrXWGjAoP8ChQqSo,2020-04-29
180,6Ie5Yr6OeGetJ6wrFTIwVo,2020-04-24
182,7JjryqI9lR5nU04K2dqA4l,2020-03-06
183,39m83gjG1lNr7Un0dJndFw,2020-03-20
184,246R12DJQXarDGCiKazTzY,2021-03-24
186,2n9rjgW1Ejd0VCziKmER1X,2020-02-20
187,5aDF6F6LnLg27LMIUWVBqk,2021-04-01
188,5WkbTlmk6HLWpHbNLfQzdH,2021-04-01
189,5Rtq6GRzBfupYhuvAzOama,2019-02-03
190,2mPGLK5OIYiPhtelxUmdhg,2020-10-30
191,6R7M1tiKeTv3dwJjK3q606,2019-02-23
192,4amBMguwilaljgOi4TJoHY,2020-12-03
193,3bYXA00o69YjgPsYoOu4DJ,2019-06-03
194,6kFUec7ck6h4PgPGStdPB3,2020-10-01
196,5fimAqIqEjcOl66kCjufoq,2020-09-24
197,7h0c62l7DJ2YDt805zqynh,2021-01-28
198,7oPKpXEJ63EggvrW3qjrxk,2017-10-12
199,2QW9B1wI6tsgMpRFWZ9Rmk,2018-02-14
200,3o2mhhz54F6tfTg5HwBVOC,2019-09-10
201,0F0xrsGJsIYa1QqfeYwIp3,2020-02-28
202,36z7XR64C21KEUHUE6q2FD,2017-10-13
205,6mCfjHeDckrow4W1CHlQqU,2020-09-10
206,3RZCPBKkUyRgCqjYdFR62O,2017-12-22
208,64nXKV5YciyHaTDRstriuE,2019-09-03
209,7KfecH9A9sikQcFhHrfaA8,2020-08-07
210,3HBPed5HocXLP6VBnWu2PS,2019-11-15
211,2HCNyR2iqRKwfdh1fA0pDN,2021-02-12
212,70puZBzrH6mXjGC5mL8fN1,2021-03-26
213,0McP0opYcVFHS3mc2C9xgW,2020-12-18
214,78GqaXGcshtiDMh4S1VDVS,2020-11-20
215,64MlSSP1TvIcoxk2L6qSuO,2020-05-28
216,231gXBzZ5BGeE3wvuj2wy4,2020-12-19
217,5u2SeibinOX9xvPxGJ0mGd,2020-05-22
218,48fmsmxw2X60chfAX4GKzU,2021-03-16
219,0SZDWZ6vAPNgl79hou4SwT,2019-05-24
220,1U4HSLex0PF6s0NUifw901,2020-12-17
221,4Tyy5TeTYoSuKRmdsVS12z,2020-04-25
222,3DC2ncI10e2EvocIBzIQT7,2021-06-11
223,6SovPj7qbZv4gglberzGWE,2017-09-14
225,1MOr3uybB75iYHANe7QQxi,2013-08-09
226,4PShfgy75bCYTWb6hNEMPe,2018-11-16
227,0Ijvx6d2e1ZeRQVP2CJ16m,2019-10-18
228,4oXJs6WipQ8fFiDe0L31mQ,2020-03-24
229,34ruOrJSCFtmMPzLQSLmTl,2020-06-12
230,714UHojZnDnKdggUw0YK81,2020-09-25
231,36aEW6UCFjfp4Xa5hJmMRe,2020-07-15
232,63bnSVzRHaH4x2ywD7mREa,2020-03-20
233,1S5RFDqndQsr2Purqo0NhW,2020-03-15
234,4P4aeu3wnrLE5ToiJ7PnZM,2021-02-10
236,6gkUB6w984vMxkszgW5K46,2019-04-21
238,4dVU8FA8EEWZkP5TH47w6G,2021-02-13
239,1HJYyYu0g0Mu52Owlwei3L,2019-11-24
240,0n6KilrOw2xDntE7WU61zN,2018-05-03
241,006fFcGJVfT0ZFNGxdL7Oh,2020-11-01
242,4uUEmYpRDLIZOyPhYvxvZM,2017-04-03
243,7k2gH8cZyFZF96DY6d6w9s,2020-07-24
244,1pC1N5Bt0VhJ9BcfZ14Eyf,2020-10-09
245,1RtvezFx8Y2RQDCnL1MPhA,2020-11-18
246,58qi0zR8QhP4eJe3MvyxPt,2020-06-23
247,57kDhAzrJjmglhpZ3cux3W,2017-06-15
248,1dap3Ip27U0TVglRrt4dYD,2021-03-05
249,6JRMqfYB46tmkhoierYsob,2020-08-24
250,0hXcec1nVQZ77mwlqdVZRE,2020-04-14
251,13BySBbDIA24iXDTn5SSda,2020-06-08
252,3JBGCbPBHf7cqQQCGLgFEN,2020-08-29
253,6ZpjdjhEmPlAfOdfIXb7ck,2020-08-28
254,3yB5aJX0u9pT3UllfONgA8,2013-08-09
255,2bU7YxVAhoh4DVTtU2fnVu,2020-09-25
256,11eK11Gv2CLMhNzODBx2Yy,2020-03-20
257,5QNHV4TObjxTCPHefw862V,2021-03-05
258,0xT66XBzp4opo9CeLJpxHb,2020-09-29
259,16CyBo9w2RODmkpDjScTKw,2019-06-18
260,1GRZEGlL4Kw0YG2szmOyHt,2020-04-14
261,7JNYHEL3kmsjC0pet07dZl,2018-01-08
263,3PMQvsVUEOMWsEGsSGG0aA,2018-04-26
264,0mZSc8kZbYV4CmTkRNMrU7,2020-09-25
265,5FdCKcB5i41pzuz3XgGnlf,2020-07-05
266,7tbcp8dYys2qd5Wn2TmUES,2020-09-25
267,7D4cZbHexO7EJKYLXVqXgU,2020-08-20
268,1bM6zaL1oh52CtKd3242CF,2020-04-14
269,4U7xldapTfEMmrNnWZd3yD,2015-11-04
270,2p01488PnKvNa8ZotNhLqy,2020-10-09
271,6BtnQC0ncpQzVyll29L6dA,2019-11-18
272,2fLYqbydczhr5sC7a3eqZC,2016-12-31
273,3KDcCC35A8SqU8uUd2nGCt,2013-09-22
274,2Ufo4t91HdR0ZlSHOt7MFw,2020-07-28
275,20tbvFv6MKOz8wqxEPm3W2,2019
276,2l6sipqYGA3LpKjpm9kkQa,2020-11-20
277,31Hach8qnuoax0RhuB3Vgf,2015-11-04
278,1o0CwTRWBRR65dEjYop6hu,2020-12-29
279,08aTF177rMysVyI34zZToq,2020-06-19
280,2qtg2BpWzuOZIPPruZMHAa,2018-09-28
281,1YarWheywbWQlWihMUBJtj,2020-11-07
282,1MEzQqN2NgLbQs7WcaVMJP,2007-01-01
283,6ZJK8rkLa7R3ZMZOkSfa71,2020-09-25
284,53wvexukJwXcdebNqGGLmo,2019-10-18
285,5MVdbeaYMCbnI7PRRljwwQ,2015-05-12
286,47KH2f1iAr2537XZjR6SWy,2020-04-28
287,6tlbPyku9OaRFwrhg1HRCb,2012-12-25
288,3sZOt6h6Qq9aqtLbE6UMG7,2019-04-25
292,6ySM0xFCpZ6HmnUQTA6WU7,2020-01-02
293,6nIdEfkk3vnWgnz1PwchAi,2012-12-25
294,4H7qeG1cwroLXoKZRdFnzX,2020-08-14
295,4biciHHL4u6F5cqoJV6R0B,2021-04-03
296,07YzBFEY3fLt6BdCxSO3NK,2020-05-12
297,4tfeYaIfCNeb1yfL5LMdgK,2019-01-21
298,1UPeUab38j8UoHrsjA9wmO,2021-02-20
299,6FQuOvo1GtnBCVbwu1zC4o,2020-09-25
300,0WIuurouVpKwuTARH22SNq,2020-07-20
301,3rA6c03IoVVDvkIds5LtZZ,2020-06-22
302,6vAPdPNLNQ8KtpgkPgwxM1,2017-01-13
303,7ezCaOnOR79Mc3dO7Pk1Wk,2021-03-31
304,48iuOjCiqD6sVNJTghdq3H,2021-03-12
305,0iensTJ47h5BamYVQ7oPR2,2020-12-25
306,6LhmKTnZHtSaRy6fUGPTB2,2018-01-04
307,5nZ3OvwBs2S8LtL2o34lcH,2020-11-20
308,6bw3WXPnJuyk42dtBuRhrn,2020-11-12
309,0wIgqY1Q6FssXj2Qv7B53G,2021-02-12
311,11zV4oUOAuXqFa7UNWOQcx,2021-04-30
312,4eYkUYICxHoejgygQmBZR9,2020-05-24
313,0NW35iGK9xny09XGFTXagk,2020-12-23
314,3zToo0ZrzrlGJ7sQMDBbmv,2020-06-22
315,7qRdYNa76Z6Zh6ZUQNRday,2020-12-06
316,3DWkYRm35UkcM1V0icj6lo,2020-04-01
317,2UVJEX3LSZOvuHtgPV7Awr,2019-01-21
318,6FuVXLMQJBVMzI9JDay5ff,2021-02-13
319,6Jfv7FrgQbttd6FNSiYJkj,2021-02-07
320,6hdX6Xm9r4gkSwYsoN1MEt,2021-02-13
321,0DcGmHOFOcGXmHI1RUDrpZ,2021-01-25
322,4vFv6SODaJlHpY1rb259R1,2021-02-26
323,0OmlD6PXJ7BCObfjB5VuYz,2019-07-12
324,2qGFXgaIM0EJxrBe5mtnZM,2021-05-26
325,0suRnqsGZusgNltWrORAHS,2020-12-11
326,5CeWyGt9oMtsBBOLtYRTl5,2020-10-10
327,0brMkvM2sJfEUnVIlbY9Rh,2021-05-31
328,1hLM4ZnYafkyQk2LzTi0Mq,2020-10-07
329,2891wimisUHGRrrslLFRel,2020-09-03
330,6YnilfIRgLOzlOrqPEOEnb,2020-10-08
331,6hQieOPS0HX8OC9R4TadKm,2020-09-15
333,0tgHIZlb1corln6Mbe7zFg,2020-09-01
334,2UywbWGjgb2w7WycZbJO5m,2020-09-18
335,0S4blfZGMEqLxTK546zCcS,2020-05-31
336,6jlwgIaV4hQTf92LS2pWk1,2020-08-28
337,2xb679KGUYTQUXeJK0IqMo,2020-08-14
338,1EuQFujqMzy76oZZ7R2xNO,2020-01-23
339,3cRAj7zoXhfH13QZFMUWpo,2019-11-26
340,1pRW1T3ViE4eMdAa73ldtb,2020-04-30
341,4SDLH34rwro1NgA7YUFYYW,2020-06-04
342,2MOVRYaQNStpwvboaFAAmk,2020-06-03
343,2cczsUE2PjxzosEuoqBhJG,2020-04-01
344,0sk83k1h8DrcrfQ2ywqaop,2019-12-23
345,1igYfsc6KT2t5IoBk668gj,2018-04-19
346,2KNcmqTZIqjGx7wz8GUtwi,2019-06-09
347,4BL4aEbddW0OGv6fFYYFUt,2018-04-01
348,22kfxo7JTeqXbmjql43TIi,2019-04-25
349,02sas1xqIwRm7iWSoHDvKe,2015-01-21
350,050wOPfVf1QIRjXtKXXE7v,2016-10-10
351,7gFqTzz5tl3xKn3GmfH4Md,2015-01-21
352,3G1BOyUktMhqZoVlQx1Huf,2014-06-18
353,5G6xgIdVVn3WJbXRvT2gnw,2015-09-19
354,2u8ElQ87ZuYrPGGIWCvcge,2017-03-23
355,2jlPMNMojBNtGZTnSuXItA,2011-07-15
356,7wRAfoReqOVXOhT1airjI8,2016
357,6YzGmB0uglhJwdkLXsB6G2,2014-06-18
358,3nxFh80yJttbpH2hMANNRX,2018-12-21
359,0cAF8RlvKMNKSdseP1Yyt0,2017-02-16
360,4LK7Zr5pHt6vGr54Ut38su,2013-12-09
361,09XtL9fgoolH8jNRlX2AkD,2018-03-03
362,2aBXnY4dIrhavP1JidmEz0,2017-12-14
363,4B5LQW1ydseberjELe4rrd,2019-05-20
365,7pHUAAEiXQMaZOng72W6K0,2020-09-16
366,5E4psGMoiLKgzpVey1ImCM,2020-10-16
368,2XGfaPV4wRQCG28eUQcVfV,2020-10-31
369,4ZffnUdAzNy5HvcO3rphIP,2000-08-20
370,5kWMV8yuPP6zSdz4MZhjVh,2006-11-28
371,4F7PpDimSVRa7Bo4Ye3ZVW,2008-07-25
372,6Oq4lIhSSYdA6WuXU9sPeG,2018-07-18
373,1T7vV9vMVqvDLv7R7jRGHd,2020-10-30
374,5naF1QQg6RmBuJPT6o2TB6,2020-10-20
377,1Se9TChEPEDrIKkfKqKNR6,2019-03-07
378,33yJbICPApS1o2lJi2w4Rq,2002-01-01
379,32LzdCQn2PIANR71lu3duO,2020-11-20
380,1BObV7e3Lh1Rq4sDB40SFc,2018-04-26
381,7smZOvVtWfWZv0sDvSsArS,2020-08-21
382,7oiwTsa57BFZxXxAnWdxMC,2020-11-20
383,0QT0mlsR819H5wKgIMmA5X,2020-10-01
384,0tp1HZ2OqogggIMiEuMGlS,2020-07-05
385,6kPrdLOhq0lZbRZnNx81pp,2013-08-02
386,3f6lUIjrM4b5jOjKmwcPK5,1999-01-01
387,2po8cxRUZSj36W6RZBXqNw,2016-08-27
388,3s9bvklnnZ7wWJ2WM0dbd6,2000-05-06
389,4mIHF430mEPXqk0Oho4k16,2020-07-08
391,3RFNUexrtXExkzTEiJ0eBh,2019-06-20
392,1lWjvbQWru7XPekvQGiKv5,2019-05-20
393,2vR23BjIzpLMtzsyKrM6Mb,2011-06-03
394,5Nhvabw21YaRwoFwEZr3Uu,2016-11-07
395,4WBbMC0lSXQ8uu1I3iG8NP,2020-10-04
396,3DQkaAJAS2zRGLArQ6h44t,2020-03-06
397,6AtKfYDHipY2MxCQfYXhEZ,2008-06-01
398,7jweMhag8JkMHgWkeZp5tF,2011-03-20
399,3HYdbGhwUjHDRNAlwIOBTJ,1996-01-01
400,5nXgTD11FS3kdNupWgIbQT,2014-02-01
401,2G0d6N3es1AeG5GZVPndKA,2012-01-03
402,0ScRAzkNibjRLPgPjsyMux,2005-04-14
403,2EYExMxUzn2FapSlnxDjTn,2018-04-12
404,3r3CObkpZZZdE3ku4cAETG,2012-12-07
405,3rbOWAnXf8RN8UHrlyDBXb,2013-10-10
406,6DItMa5mVQGFrgnDXj3oZ7,2018-01-24
407,1HHTxNbzpkeo02pZVIlegT,2003-09-01
408,29dTr9pLXHTIRACrcd6UD9,2000-01-01
409,0IbTAG4VuLjhyHc98ioVpE,2015-10-04
410,4u6kvn5qHVVjbb5OvXHS0V,2001-01-01
411,10xWdYG3TYi406Q06lveki,2009-03-17
412,4pHC1sXu0Qpl1ZBPLdlbJK,2020-05-09
413,2TTZj4byWEaD1YTH8PctUY,2020-05-06
415,0GybyL5gY2kSLgiSwauFei,1998-12-18
417,4kO9vFarqUPNwlgFnVNgVh,2000-01-01
420,2iNqdCchlUZEgjJbQyZf8T,2006-02-24
421,3fmpeORuSvsCETTuDL1Wl1,2017-08-25
422,5tl6ztJRObsPut7WI1J3lu,2015-11-04
424,4v40MtwULJad9b9Taj5lNk,2019-09-10
425,1cUq9SX7nQL1u0kKyhT7lX,2001
426,3VQF1tKmEogJqV2XRKm7Qg,2004
428,3oXygAEuFopjsohfGjQfv7,2010
429,2t50GB1d3Ua4WmdsIotmM5,2019-08-19
430,3jHP1XTax79oBQN2WB2Zsv,2021-02-26
431,7nz5qUO3ZtyfpMV4SuRWku,2006-11-18
432,0ee11PpglgT26oqSiBHZjm,2000-10-13
433,49qmmzpMsDb4TUV2LlwO1w,1988-10-01
434,2HHnW1zEozzxU9spZVGO5I,2013-11-23
435,78VFEHYy9TqY3DDqiISKAM,2002-12-14
436,2sF9kShaPgkYHT2lr2OCy8,1996-01-01
437,6GWchpKWsKkwR6jcl0yG6V,1999-04-16
438,7pCE1BHlNVbvIuqUEOGAj5,2000-01-01
439,6g57S5SIlzmWBru2l6uFjM,1996-01-01
440,2U6bhVBXGP2iTufLWSaKZR,1988-10-01
441,3UBehIY2U0LXORmDyOhy4O,2020-02-01
442,4nKc9yiwXWlEByq1oMfHU6,2020-01-13
444,6N5WkgPIDoTdbCXyyIIKAv,2019-09-05
447,0NS3ca87AFGTQ2jHWeaLJ1,2019-12-23
448,1gWtHDe403RuyZqhvSRcv8,2016-02-22
450,7hhIj9iJUK6lzSY3AeOcyl,2020-01-31
461,5rGsNFziPQkdBraLkydeb8,2020-02-14
462,4EjttGqWISR1RCMrjP3xrK,2021-06-17
463,2c8ejkfQDMUjoGTs99Fmkg,2019-04-01
464,6AEkmS7Y1BBpiMdXyaDe1F,2018-03-30
465,3muKTne0NF2DQZnWoHROlI,2020-11-22
466,24hfa6PKUaOK1mEnHxG1Rk,2020-06-10
467,5Njp7VmtwJyO52jCxP0AeX,2018-03-30
468,12ZSmeqlCI13kpQf79W1qq,2020-11-28
469,4wYcYW02RifjJgyjGqg57S,2021-05-08
470,0kqecJxYAhkjqSu8f8osbm,2020-09-25
471,0Rl0OuJLYl5tJE7IkgnSxU,2018-09-21
473,2iLcX2sKtCqbvIWBtDx5IQ,2020-08-16
474,5roe5i8Vs2O4jvljc8vwBn,2021-01-14
475,2aovKBNuO4Faz2OCGZ6zEQ,2018-04-30
476,6W9tcAxZQcVHtv6krWp0q7,2017-01-13
477,0j8reWZP27zVL6TQZ1HnYq,2021-01-12
478,5oa1LUvQ0yNOCzRe4VThUe,2020-09-25
479,5U3DnXl7ZvkrtNHsgKyLqD,2020-08-06
480,1zt9Tgnujp7MgVkQVreuvP,2020-11-04
481,28c9Mpk0qW9MpJFSM0caKe,2019-09-18
482,3G5YyOSu8C1y3e8rT4id85,2021-01-25
483,1TiTkwZiAzWTDuESxWf79V,2020-11-07
484,2Q3z1OcQY43rCpWjoiyPr2,2018-02-14
485,5sNRolrKr6GRsy8Uy9eTrp,2021-04-29
486,2TsPcXCC8LKgTKpmedWcYW,2014-12-27
487,3qDOZWbyJxf1HlJulw5UDU,2018-06-06
488,5t0YNySzEB0DYn5Xe7w1lp,2020-10-28
489,2mOQoYEIlMeC6HWhrE0b2X,2020-05-26
490,3KFMYtoqOcj2Pz1z1iXp0T,2021-01-04
492,26u6HGjzExhRZD5ifgTBnG,2017-02-16
493,5sZTxCBwbG19MIySBPAkLA,2020-10-16
494,6smPjrA4Hf7J3kFe9afb1E,2020-01-31
495,4t22GH5ocvT7ZpqcyE9G8C,2020-10-06
496,06Hjpuw0OEXNapUG7ANE0w,2020-10-16
497,1Dvcr61hD39MAMrN65eDMe,2017-08-15
498,7gND3bJ57jf5q8PYU1aX2z,2019-07-19
499,6EvPmFPrqoqpOfrxKs40Zm,2021-06-17
500,5pF2tGP1msn2oawd3IMk4F,2020-09-15
501,5dST1RxAvJtCeyogTnn6dr,2020-06-10
502,3zmbJfMDG3FRF39uWYUpmS,2019-10-01
503,4uncaBaetOVaeYFTvahkww,2020-09-14
504,6JmrA3G9YW53N2OwtUhYKp,2020-09-21
505,1H5TcdTdMYvOfJ31SAA6H5,2015-09-25
506,72wJ0PWm54eHFfiDV4KJGK,2020-08-28
507,1PnTIj88ArX0I38QE0tXTY,2019-05-22
508,02uK7qKZ057o3WrTf4Lzzo,2021-02-05
509,3mXNrXSOjpAIIJWuvB8O1o,2020-02-14
510,1LmmKuJR9VnKg58wPmd1t6,2019-05-25
511,63rR2pG8hUKJ9BEovTwReE,2021-02-12
512,0kQW2QuxGyygGQAREdGILd,2021-05-28
513,543Bseh8jEwo0WGXX1CnuS,2021-06-11
514,0QpBibmVhtKB935pjfkYNI,2021-06-10
515,3nUV7ogIxcj3i2pF7ju5wG,2021-06-01
516,4SACOzcQaUqp3Q0EDEAdj0,2021-06-08
517,6OzL7Ia2P2fuuEXpQBrfMt,2021-06-03
518,7MKFDqoEBDBcsmfsXLgaR6,2021-06-11
519,3wtUeVGw8hOlJCVRxtjtZY,2021-06-05
520,4LXP4tw0mucgLy8zeNj7lL,2021-05-28
521,723efqIkMkWEHnF4EUO4ET,2021-06-07
522,5d0vzUSG3l87BRtGR726RN,2021-06-16
523,1kVmfbM17ce4eN02dly1LF,2021-06-10
524,08b1zoArVYTfUIampAqJsS,2021-06-04
525,2anobBeu5to6IpIhW7UnEE,2021-06-02
526,4Z5Sai0iIVhJ1Kzy7S5W0x,2021-06-09
527,4YywWFs8sY6RTmrG6LtLbS,2021-06-06
528,5gcWdWnNbhePqIyuc1Ckha,2021-06-04
529,35FWd8xkWYrygeC5puF0VZ,2021-06-10
530,0A2yplg86L7XTX2ZN62DpV,2021-06-03
531,5HZLJZi4ghmv4qj3U1o3uH,2021-06-04
532,7xOogdepAEsl16t7TFSJwA,2021-05-29
533,5VvJxA5YDS3J88R6snUOX1,2021-05-24
534,1V0wAq5SkoDHry9xcuJi7D,2021-05-31
535,3JMz4MfpBq6OOv5kfltzgL,2021-05-28
536,41sZhxymikHbbRcyG6AWFh,2021-05-14
537,3GtNTPRVYv86zXqrnLctlo,2021-05-14
538,3nGitUruins8qHNt8OlDxb,2021-04-16
539,3vh5QnxwESAUTHndbbY6AB,2021-06-08
540,5DS0oNDHZiLaJWxH00X9mL,2021-05-27
541,47bM49YevFM7OPBvTPOc8U,2021-05-30
542,3oBUuziMeXTXeZpDotKKcN,2021-04-21
543,5TyiSv9gMv17EZw3LxDafv,2021-04-27
544,2XvA8l5nma3jDO5onG3skp,2021-04-30
545,40NcPVES5XzcARt3UBtKm4,2021-06-05
546,08IUe6MSdHn8wjvzDPWJ4G,2021-04-16
547,5do9KRygqG86uqY0aEBmeO,2021-06-09
548,5A45VyrwxmqiasTyISy310,2021-04-24
549,7krZfE5YfV0DCEtnHQpUua,2021-05-01
550,3MQCWVCuzdoP9M6aeXtRT6,2021-02-28
551,7hbnnZYk5c3tXrumUGc0Cv,2021-04-30
552,52ij3ypwwHNeUXiGGvdiOc,2021-05-02
553,7plDH6r525CNCYE98H1lQt,2021-04-27
554,6Kuq6h43zT3NjXgXTx1aEH,2021-04-29
555,04joWkbbGrvW3VDV5ZlAr6,2021-06-16
556,2P1ry9BKdn6w6vVSldUVLq,2021-06-07
557,6M8jh5saOcpcZ0cHBxjXsJ,2021-05-03
558,4nQkPL1A5vJaO3H5zuYSOY,2021-05-14
559,3J7AcFen6oiyD30a8MS1h3,2021-05-21
560,6HvSh9d23eet2Vbh6AkvfV,2021-05-05
561,49jZA34jIuHGgM9EbLeRnt,2021-05-08
562,0Uqk49hDF1ErzGSwY7ECGY,2021-05-21
563,6GJlXFoUZJbYJiYu7igTvP,2021-04-22
564,3EGcAM5JHdS2m1AapWpx6q,2021-05-02
565,5QxZZ6Xpn69RFZA70OUZyR,2021-04-30
566,3XsaqwSlWcQfqh9Af7DZBk,2021-04-30
567,5Ujt92TDuMfKWb2rVbP0cM,2021-05-14
568,1GaSuB2MNho4nrqmQFusNv,2021-05-07
569,52rCzPVc4qHUqAN7nfJOB5,2021-04-16
570,5ctVQAa97ah6eRMJdy7qUy,2021-04-28
571,2LeSbSNPCuCOoj7x7hBXkd,2021-04-25
572,3SCUADxImPxkvZuxTtZOnI,2021-04-14
573,5IMJ8hyUDziZzTsLttajWS,2021-05-15
574,7xLfz26gfcOPIe93h6Lxa6,2021-05-07
575,6VHhIx2ESDcmpfwOiuWQDd,2021-04-24
576,3LSOmHK9rRoOSd7WGGaudd,2021-04-23
577,6tS5yFBtVzDEAsbgk4DONu,2021-05-15
578,1SnPKwlr3hVuRNpT7OekP2,2021-04-30
579,3xJ7QnXXQW5xAKde6YNgPZ,2021-05-21
580,7MlKSm6Y1PIaPAQNbMwpCh,2021-05-14
581,0rsjOleeGfTn2PiVkR7vBs,2021-05-10
582,42veimEIrsArXh4xKWFI4e,2021-05-14
583,52fOfTLRe5mmiNYaRBT21i,2021-04-30
584,2wFVrMXVBwtbfQckmHcchu,2021-05-21
585,2qxZTJ4Yx9uVsvHhE2rhPU,2021-05-21
586,0NC7xt7hEO7KSjEMqfm2CL,2021-05-13
587,4bTMhxW4GokpLabfq3lgsv,2021-05-21
588,1zJG46HHzTsdKE7iqaJkw1,2021-04-21
589,1Rnnz3ooeUldlecDOn7LCd,2021-04-24
590,4DsOhiV3hJ7ywQmzZI7BST,2021-05-01
591,0LbCbNKmGCZXNN3olNnlWX,2021-05-01
592,791n4FSoAEfLBbBXK0bX03,2021-05-03
593,3WjHIB7EHWBnyNShqye1RZ,2021-05-15
594,6Twcvh5uBvLgW737fuMZ07,2021-05-09
595,5zV1rHxwFqsLq5TPxzjPAG,2021-05-16
596,05v6R3VThUJ3uk1dfvNis4,2021-05-24
